<?xml version="1.0" encoding="UTF-8" ?>
<!DOCTYPE mapper PUBLIC "-//mybatis.org//DTD Mapper 3.0//EN" "http://mybatis.org/dtd/mybatis-3-mapper.dtd" >
<mapper namespace="com.spring.dao.ShoucangMapper">
    <resultMap id="BaseResultMap" type="com.spring.entity.Shoucang">
        <id column="id" property="id" jdbcType="INTEGER"/>
                            <result column="username" property="username" jdbcType="VARCHAR"/>
                                    <result column="xwid" property="xwid" jdbcType="INTEGER"/>
                                    <result column="biao" property="biao" jdbcType="VARCHAR"/>
                                    <result column="biaoti" property="biaoti" jdbcType="VARCHAR"/>
                                    <result column="addtime" property="addtime" jdbcType="VARCHAR"/>
                                
    </resultMap>
    <sql id="Base_Column_List">
        id, username, xwid, biao, biaoti, addtime    </sql>
    </mapper>
